,봄,여름,가을,겨울,sum_0,sum,avg
2012,256.5,356.5,256.5,156.5,0,1026.0,256.5
2013,264.3,364.3,264.3,164.3,0,1057.2,264.3
2014,215.9,315.9,215.9,115.9,0,863.5999999999999,215.89999999999998
2015,223.2,323.2,223.2,123.2,0,892.8,223.2
2016,312.8,312.8,312.8,112.8,0,1051.2,262.8
